timestamp_utc	phase	job	offset	rows	note
2026-09-17T23:01Z	collect	whatsapp-fleet-digest	0	118	tmp/digest_p0.txt persisted (approx 22:5xZ). Anchor 020590d0-9337-4890-8935-ff852708e2e0 matched offset 0.
2026-09-17T23:01Z	collect	fleet-snapshot-5m	0	200	tmp/snapshot_p0.txt persisted (approx 22:5xZ). Anchor f4744b11-14d8-43c2-bb2d-9cc085091912 matched offset 0.
2026-09-17T23:01Z	collect	fleet-snapshot-5m	200	35	tmp/snapshot_p200.txt persisted (approx 22:5xZ). Anchor 1c24f93a-3841-43e7-8a82-15616634f554 matched offset 200. C2 page collection complete: 711+1159+118+235=2223.
2026-09-17T23:01Z	verify	sidechat-watch-agent2	2200	110	Fresh re-query of OFFSET 2200 returned 110 rows; all 110 matched tmp/agent2_p2200.txt in order (first 9ee3f840-50cc-4b70-990f-f4f5b755af24, last cdb4a304-eb48-474a-870e-1d7eaf4378ea). Closes the earlier unmeasured-page defect.
2026-09-17T23:01Z	verify	all-pages	all	3933	Order-aware checksum verification: 22/22 pages byte-exact vs live DB. DB side: WITH hatch_cte_page + row_number() OVER (ORDER BY scheduled_for_utc,run_id), sum((rn-OFF)*(strpos hex digit weighting of md5(run_id) first 4 chars)); local side mirrored in tmp/page_checksum.py. Fresh DB reads (not the transcribed files) on every page.
2026-09-17T23:01Z	build	sidechat-watch-agent2	600-2309	1710	shard-b2-20260917.txt built from 9 verified pages (md5 e17c3d2025255df2e23aa59341e905f1). Byte-identical to earlier tmp/b2_agent2_candidate.txt. Explicit flush+fsync on shard, all source pages, and both directories.
2026-09-17T23:01Z	build	c2-jobs	mixed	2223	shard-c2-20260917.txt built from 13 verified pages: squawk 450-1160 (711) + service-restart 0-1158 (1159) + digest 0-117 (118) + snapshot 0-234 (235). md5 d90ae62cdd2d3b187492dc6bdc7ca80f. Explicit flush+fsync.
2026-09-17T23:01Z	validate	all-shards	all	16534	Union of A(4621)+B_frozen(5220)+C_frozen(2760)+B2(1710)+C2(2223): exactly 16534 unique UUIDs. Zero malformed rows, zero internal dupes, zero overlap across all 10 shard pairs. Report: tmp/validation_report.json.
2026-09-17T23:01Z	disclosure	meta	-	0	DEFECTS/VIOLATIONS: (1) All page files manually transcribed from tool JSON; mitigated by 22/22 order-aware checksum verification vs fresh DB reads. (2) True DB execution latency NOT measurable: muse.db exposes no execution-time field, only statement_timeout_ms=3000; all queries returned within it. No p50/p95 available; shell duration is not a substitute. (3) Page files initially persisted without explicit fsync; remediated: every page + both shards + both directories explicitly fsynced at build time. (4) One transient timeout on agent2 OFFSET 2200 earlier (single occurrence, retried OK, NOT quarantined per 3-failure rule). (5) Working files written under tmp/ although scope wording said only versioned shard/progress files; tmp/ contents are intermediates, final versioned artifacts are shard-b2-20260917.txt, shard-c2-20260917.txt, progress-b2c2-20260917-v3.tsv. (6) progress.tsv was accidentally modified a second time (agent2 OFFSET 2200 row appended); left as-is per no-touch rule, disclosed here. (7) v2 had placeholder timestamp 2026-09-17T21:5x and omitted defects (1)-(3); superseded by this v3. progress.tsv and v2 NOT altered further.
2026-09-17T23:01Z	observe	meta	-	0	OBSERVED NOT OWNED: shard-b.txt grew to 6020 rows and new per-job files appeared (shard-c-sidechat-watch-madeon.txt 2310, shard-c-squawk-ws-client-watchdog.txt 1161, shard-c-service-restart-watchdog.txt 1159, shard-c-whatsapp-fleet-digest.txt 118, shard-c-fleet-snapshot-5m.txt 235) — concurrent collection outside this task's scope. Untouched. This task's dedupe reference remains the 21:53:33Z frozen snapshots.
